{"cameraMode":{"drawMode":0,"name":"Shaded","section":"Shading Mode"},"sceneLighting":false,"audioPlay":false,"sceneViewState":{"m_AlwaysRefresh":false,"showFog":true,"showSkybox":false,"showFlares":true,"showImageEffects":true,"showParticleSystems":true,"showVisualEffectGraphs":true,"m_FxEnabled":true},"in2DMode":false,"pivot":{"x":0.15964600443840028,"y":0.36926281452178957,"z":-0.5225756168365479},"rotation":{"x":0.00474579818546772,"y":-0.9919712543487549,"z":0.11992193758487702,"w":0.03931034728884697},"size":1.2247449159622193,"orthographic":false}