{"cameraMode":{"drawMode":0,"name":"Shaded","section":"Shading Mode"},"sceneLighting":false,"audioPlay":false,"sceneViewState":{"m_AlwaysRefresh":false,"showFog":true,"showSkybox":false,"showFlares":true,"showImageEffects":true,"showParticleSystems":true,"showVisualEffectGraphs":true,"m_FxEnabled":true},"in2DMode":false,"pivot":{"x":19.827167510986329,"y":0.8361623287200928,"z":10.427742004394532},"rotation":{"x":-0.06622107326984406,"y":0.03619734197854996,"z":-0.002388579770922661,"w":-0.9971405267715454},"size":1.0954006910324097,"orthographic":false}